Date,Platform,Caption, Views,Likes,Comments,Shares,Saves,Notes
01-09-2026,Instagram,"Fresh rusk, straight out of the oven 🍞","12,400",610,38,45,52,
02-09-2026,YouTube,How we make our eggless chocolate cake,3150,96,11,4,NA,
03/09/2026,insta,Weekend special: kaju katli box,18900,1240,96,310,185,Boosted ₹500
,,,,,,,,
05-09-2026,IG,"Teachers' Day cupcakes, free for every teacher who walks in 🧁","1,25,000","10,400",720,"2,450","1,630",
2026-09-06,YouTube,Bakery tour in 60 seconds,5200,140,9,6,NA,
07-09-2026,Instagram,Our chef's secret: brown butter cookies,12.4K,530,21,60,88,
08-09-2026,Facebook,"Same cookie reel, posted on FB",2300,45,2,3,,Test
09-09-2026,Instagram,नई ब्रांच खुल गई! आप सबका शुक्रिया 🎉,"21,700","1,560",212,240,96,Collab with a food blogger
10-09-2026,YT,Customer reviews our new pav,1840,22,3,-,NA,
11-09-2026,Instagram,Rainy day + chai + our rusk ☔,9600,310,14,33,41,
11-09-2026,Instagram,Rainy day + chai + our rusk ☔,9600,310,14,33,41,
13-09-2026,YouTube,Behind the scenes: 4 AM at the bakery,2480,58,7,2,NA,
14-09-2062,Instagram,Monsoon combo: chai + 2 rusk packs,6100,190,9,14,22,
16-09-2026,Instagram,Staff picks: our top 5 breads,6900,150,6,11,17,
17-09-2026,YouTube,Full recipe: bakery-style bun maska,1120,8,1,0,NA,
18-09-2026,Instagram,Giveaway! Tag a friend who loves cake 🎂,4300,520,1840,30,12,Giveaway
20-09-2026,Instagram,Kids' birthday cake ideas,8200,,15,20,64,
21/9/26,YouTube,Q&A: eggless baking tips,980,31,6,1,NA,
22-09-2026,Instagram,Brunch at the bakery: new menu,"11,300",420,19,28,35,
24-09-2026,Instagram,Sold out in 2 hours: cinnamon rolls,1.2L,6900,380,1150,980,Our best one!!
25-09-2026,YouTube,Why our bread has no preservatives,2750,49,8,3,NA,
31-09-2026,Instagram,Weekend brunch menu,7800,240,12,18,30,
26-09-2026,Instagram,Sneak peek: festive cookie hampers,0,0,0,0,0,Posted today
,,,,,,,,
,,,,,,,,
